date,venue,race_no,race_key_raw,win,place,frame_quinella,quinella,wide,exacta,trio,trifecta
2025-08-02,中京,1,07253301,5:130,5:110;2:180,,2-5:300,2-5:130;3-5:120;2-3:220,5-2:360,2-3-5:250,5-2-3:590
2025-08-02,中京,2,07253302,5:190,5:110;7:120,,5-7:230,5-7:140;3-5:1450;3-7:1860,5-7:350,3-5-7:3760,5-7-3:8700
2025-08-02,中京,3,07253303,11:1840,11:290;16:160;13:110,6-8:2350,11-16:3870,11-16:940;11-13:510;13-16:210,11-16:10160,11-13-16:1530,11-16-13:20780
2025-08-02,中京,4,07253304,1:300,1:150;14:200;3:130,1-8:1470,1-14:2270,1-14:610;1-3:240;3-14:400,1-14:2800,1-3-14:1590,1-14-3:11070
2025-08-02,中京,5,07253305,11:360,11:140;1:120;16:910,1-6:530,1-11:490,1-11:220;11-16:2910;1-16:2490,11-1:960,1-11-16:8410,11-1-16:35890
2025-08-02,中京,6,07253306,8:810,8:260;1:240;7:330,1-6:1940,1-8:2660,1-8:800;7-8:1110;1-7:1140,8-1:5520,1-7-8:8080,8-1-7:44570
2025-08-02,中京,7,07253307,4:580,4:210;11:180;6:210,4-7:2300,4-11:2110,4-11:650;4-6:620;6-11:730,4-11:4700,4-6-11:4540,4-11-6:28950
2025-08-02,中京,8,07253308,13:180,13:110;5:210;1:300,4-8:630,5-13:740,5-13:360;1-13:570;1-5:1190,13-5:1180,1-5-13:3350,13-5-1:7970
2025-08-02,中京,9,07253309,1:340,1:140;10:160;8:210,1-8:710,1-10:690,1-10:330;1-8:410;8-10:530,1-10:1330,1-8-10:1300,1-10-8:6450
2025-08-02,中京,10,07253310,6:420,6:160;9:130;8:570,5-6:360,6-9:680,6-9:290;6-8:2760;8-9:1040,6-9:1690,6-8-9:5240,6-9-8:25040
2025-08-02,中京,11,07253311,7:410,7:170;12:210;2:230,5-8:930,7-12:1940,7-12:750;2-7:770;2-12:790,7-12:3000,2-7-12:4940,7-12-2:18390
2025-08-02,中京,12,07253312,6:1820,6:420;8:160;9:270,3-4:2540,6-8:3000,6-8:1010;6-9:2600;8-9:660,6-8:9260,6-8-9:9530,6-8-9:75620
2025-08-02,新潟,1,04252301,14:480,14:140;11:110;6:190,7-8:500,11-14:590,11-14:250;6-14:480;6-11:280,14-11:1390,6-11-14:1340,14-11-6:6860
2025-08-02,新潟,2,04252302,11:600,11:170;13:160;5:130,6-7:870,11-13:1700,11-13:520;5-11:330;5-13:380,11-13:3510,5-11-13:1540,11-13-5:9950
2025-08-02,新潟,3,04252303,4:1150,4:360;12:280;7:290,4-8:3910,4-12:8120,4-12:2220;4-7:1600;7-12:1060,4-12:20420,4-7-12:24410,4-12-7:162830
2025-08-02,新潟,4,04252304,5:460,5:180;4:140;13:1310,4-4:660,4-5:640,4-5:290;5-13:4740;4-13:3470,5-4:1490,4-5-13:16140,5-4-13:60410
2025-08-02,新潟,5,04252305,2:7510,2:920;9:140;14:210,2-5:5200,2-9:12200,2-9:3040;2-14:5440;9-14:400,2-9:36760,2-9-14:14640,2-9-14:233060
2025-08-02,新潟,6,04252306,5:260,5:150;1:180;9:400,1-3:600,1-5:630,1-5:370;5-9:1270;1-9:1680,5-1:980,1-5-9:4610,5-1-9:13530
2025-08-02,新潟,7,04252307,13:1910,13:530;12:210;11:240,7-7:5290,12-13:5010,12-13:1810;11-13:2020;11-12:710,13-12:11610,11-12-13:11530,13-12-11:90370
2025-08-02,新潟,8,04252308,4:400,4:140;2:130;11:160,2-4:710,2-4:700,2-4:290;4-11:360;2-11:310,4-2:1530,2-4-11:1270,4-2-11:6690
2025-08-02,新潟,9,04252309,7:3240,7:490;1:130;8:200,1-7:5950,1-7:5550,1-7:1370;7-8:2020;1-8:360,7-1:12780,1-7-8:8650,7-1-8:85660
2025-08-02,新潟,10,04252310,6:200,6:130;10:180;4:720,5-7:570,6-10:850,6-10:350;4-6:1170;4-10:3490,6-10:1120,4-6-10:10560,6-10-4:25390
2025-08-02,新潟,11,04252311,16:830,16:250;11:300;1:130,6-8:2140,11-16:6370,11-16:1770;1-16:410;1-11:730,16-11:13630,1-11-16:4470,16-11-1:45330
2025-08-02,新潟,12,04252312,8:460,8:230;10:280;7:1100,6-7:1470,8-10:1970,8-10:690;7-8:4040;7-10:4540,8-10:4040,7-8-10:35650,8-10-7:134500
2025-08-02,札幌,1,01251301,4:570,4:120;5:100;3:170,,4-5:280,4-5:150;3-4:810;3-5:500,4-5:1130,3-4-5:1050,4-5-3:11090
2025-08-02,札幌,2,01251302,11:780,11:210;10:120;8:160,7-8:550,10-11:910,10-11:390;8-11:740;8-10:250,11-10:2380,8-10-11:1490,11-10-8:8420
2025-08-02,札幌,3,01251303,2:270,2:150;11:170;6:450,2-7:1010,2-11:1230,2-11:460;2-6:2150;6-11:1480,2-11:2400,2-6-11:8380,2-11-6:37850
2025-08-02,札幌,4,01251304,14:240,14:120;3:160;8:200,2-7:730,3-14:740,3-14:360;8-14:360;3-8:600,14-3:1540,3-8-14:1660,14-3-8:5680
2025-08-02,札幌,5,01251305,7:2630,7:400;5:120;6:130,5-6:380,5-7:5530,5-7:1330;6-7:1020;5-6:200,7-5:13710,5-6-7:3200,7-5-6:47450
2025-08-02,札幌,6,01251306,3:250,3:120;2:110,,2-3:170,2-3:110;3-6:200;2-6:210,3-2:390,2-3-6:330,3-2-6:1590
2025-08-02,札幌,7,01251307,7:180,7:110;10:170;6:170,7-8:630,7-10:660,7-10:260;6-7:270;6-10:550,7-10:860,6-7-10:920,7-10-6:3210
2025-08-02,札幌,8,01251308,8:160,8:110;3:150;10:180,3-7:600,3-8:650,3-8:270;8-10:350;3-10:540,8-3:830,3-8-10:1560,8-3-10:4100
2025-08-02,札幌,9,01251309,9:670,9:240;6:240;2:170,6-8:1220,6-9:3140,6-9:960;2-9:450;2-6:610,9-6:4520,2-6-9:2930,9-6-2:18360
2025-08-02,札幌,10,01251310,13:400,13:130;14:300;5:130,8-8:2310,13-14:2390,13-14:810;5-13:300;5-14:950,13-14:3960,5-13-14:2660,13-14-5:18370
2025-08-02,札幌,11,01251311,13:4160,13:790;4:330;12:310,2-7:3390,4-13:20930,4-13:5460;12-13:3770;4-12:1850,13-4:44950,4-12-13:62800,13-4-12:491390
2025-08-02,札幌,12,01251312,11:560,11:220;4:180;1:190,3-7:940,4-11:2910,4-11:910;1-11:670;1-4:750,11-4:6120,1-4-11:4510,11-4-1:32950
2025-08-03,中京,1,07253401,5:130,5:100;3:100,,3-5:150,3-5:110;1-5:130;1-3:180,5-3:170,1-3-5:260,5-3-1:500
2025-08-03,中京,2,07253402,4:770,4:280;11:600;3:610,3-6:3050,4-11:5710,4-11:1660;3-4:2360;3-11:3770,4-11:9940,3-4-11:34030,4-11-3:155490
2025-08-03,中京,3,07253403,2:690,2:330;1:260,,1-2:1200,1-2:450;2-7:580;1-7:470,2-1:2540,1-2-7:1850,2-1-7:10140
2025-08-03,中京,4,07253404,1:400,1:140;8:180;9:130,1-4:840,1-8:1650,1-8:480;1-9:300;8-9:430,1-8:2630,1-8-9:1720,1-8-9:10720
2025-08-03,中京,5,07253405,2:350,2:120;16:160;13:120,1-8:1110,2-16:1420,2-16:440;2-13:190;13-16:310,2-16:2420,2-13-16:1040,2-16-13:6390
2025-08-03,中京,6,07253406,2:1180,2:260;11:320;8:140,1-6:1520,2-11:6350,2-11:1670;2-8:480;8-11:740,2-11:15050,2-8-11:4030,2-11-8:46030
2025-08-03,中京,7,07253407,5:2880,5:470;9:170;3:160,5-7:1200,5-9:6040,5-9:1630;3-5:1830;3-9:400,5-9:15440,3-5-9:6460,5-9-3:67920
2025-08-03,中京,8,07253408,5:190,5:110;4:130;2:130,,4-5:400,4-5:180;2-5:170;2-4:230,5-4:520,2-4-5:410,5-4-2:1240
2025-08-03,中京,9,07253409,2:290,2:140;4:150;18:220,1-2:730,2-4:730,2-4:350;2-18:540;4-18:490,2-4:1410,2-4-18:1940,2-4-18:7280
2025-08-03,中京,10,07253410,15:290,15:170;9:310;14:290,5-8:970,9-15:1300,9-15:520;14-15:530;9-14:1190,15-9:1960,9-14-15:2910,15-9-14:12070
2025-08-03,中京,11,07253411,8:260,8:130;3:270;4:150,,3-8:2100,3-8:590;4-8:230;3-4:840,8-3:2530,3-4-8:1980,8-3-4:9960
2025-08-03,中京,12,07253412,6:960,6:280;10:980;8:200,3-5:2470,6-10:24850,6-10:5790;6-8:900;8-10:4520,6-10:40750,6-8-10:41870,6-10-8:353260
2025-08-03,新潟,1,04252401,1:630,1:280;7:190;10:1260,1-5:1150,1-7:2260,1-7:870;1-10:5610;7-10:5780,1-7:3960,1-7-10:38600,1-7-10:128950
2025-08-03,新潟,2,04252402,7:520,7:150;8:120;14:140,4-5:680,7-8:690,7-8:300;7-14:420;8-14:310,7-8:1560,7-8-14:1310,7-8-14:6530
2025-08-03,新潟,3,04252403,4:280,4:390;5:390,,4-5:530,4-5:120;1-4:110;1-5:110,4-5:1080,1-4-5:130,4-5-1:1720
2025-08-03,新潟,4,04252404,8:150,8:110;4:150;6:490,4-6:400,4-8:360,4-8:200;6-8:900;4-6:1630,8-4:420,4-6-8:2690,8-4-6:5700
2025-08-03,新潟,5,04252405,7:520,7:200;11:500;13:710,4-6:660,7-11:5280,7-11:1660;7-13:2390;11-13:6290,7-11:8850,7-11-13:31400,7-11-13:156690
2025-08-03,新潟,6,04252406,1:200,1:130;4:180,,1-4:520,1-4:130;1-3:110;3-4:120,1-4:860,1-3-4:130,1-4-3:1010
2025-08-03,新潟,7,04252407,6:460,6:200;13:150;10:440,3-7:780,6-13:1200,6-13:520;6-10:1670;10-13:1310,6-13:2330,6-10-13:7110,6-13-10:25830
2025-08-03,新潟,8,04252408,3:330,3:150;10:560;9:130,3-8:4120,3-10:6330,3-10:1700;3-9:250;9-10:1060,3-10:6980,3-9-10:3630,3-10-9:29260
2025-08-03,新潟,9,04252409,9:180,9:110;7:190;14:210,4-5:720,7-9:780,7-9:340;9-14:370;7-14:1230,9-7:1030,7-9-14:2030,9-7-14:5930
2025-08-03,新潟,10,04252410,1:860,1:280;11:140;7:520,1-6:710,1-11:1060,1-11:540;1-7:3300;7-11:1270,1-11:2870,1-7-11:8360,1-11-7:39010
2025-08-03,新潟,11,04252411,2:410,2:150;12:300;8:140,2-7:1980,2-12:2970,2-12:850;2-8:250;8-12:830,2-12:4810,2-8-12:2650,2-12-8:19710
2025-08-03,新潟,12,04252412,4:280,4:150;6:390;10:1010,4-5:540,4-6:2840,4-6:890;4-10:3880;6-10:12850,4-6:3700,4-6-10:50650,4-6-10:161210
2025-08-03,札幌,1,01251401,8:390,8:210;11:550;6:300,6-8:1770,8-11:4630,8-11:1610;6-8:880;6-11:3100,8-11:7350,6-8-11:17380,8-11-6:61420
2025-08-03,札幌,2,01251402,13:710,13:460;3:660;2:440,3-8:5580,3-13:5600,3-13:1220;2-13:880;2-3:1500,13-3:10340,2-3-13:13970,13-3-2:66430
2025-08-03,札幌,3,01251403,16:220,16:120;1:310;4:230,1-8:530,1-16:2100,1-16:860;4-16:490;1-4:1820,16-1:3530,1-4-16:6420,16-1-4:21060
2025-08-03,札幌,4,01251404,8:300,8:150;12:340;7:280,5-7:1060,8-12:1990,8-12:910;7-8:640;7-12:2050,8-12:3540,7-8-12:5990,8-12-7:26980
2025-08-03,札幌,5,01251405,4:400,4:110;8:110;6:110,,4-8:320,4-8:130;4-6:230;6-8:140,4-8:730,4-6-8:350,4-8-6:1830
2025-08-03,札幌,6,01251406,13:350,13:160;8:1240;5:350,5-8:820,8-13:11320,8-13:3480;5-13:870;5-8:8010,13-8:16060,5-8-13:27980,13-8-5:137680
2025-08-03,札幌,7,01251407,6:460,6:180;3:340;12:280,3-5:1260,3-6:2140,3-6:760;6-12:530;3-12:1120,6-3:3310,3-6-12:3840,6-3-12:20970
2025-08-03,札幌,8,01251408,6:220,6:140;3:400;8:150,3-6:2650,3-6:2810,3-6:1030;6-8:280;3-8:1390,6-3:4470,3-6-8:4110,6-3-8:20070
2025-08-03,札幌,9,01251409,1:1510,1:550;3:410;2:350,1-3:10600,1-3:9820,1-3:2650;1-2:2540;2-3:1600,1-3:18840,1-2-3:22550,1-3-2:149780
2025-08-03,札幌,10,01251410,11:390,11:180;5:410;4:220,4-7:830,5-11:3410,5-11:1100;4-11:750;4-5:1840,11-5:4700,4-5-11:8720,11-5-4:45030
2025-08-03,札幌,11,01251411,10:290,10:120;4:150;2:170,3-6:730,4-10:800,4-10:350;2-10:360;2-4:590,10-4:1740,2-4-10:1730,10-4-2:6540
2025-08-03,札幌,12,01251412,6:290,6:110;7:120;5:120,,6-7:600,6-7:200;5-6:170;5-7:250,6-7:990,5-6-7:530,6-7-5:2510
2025-08-09,中京,1,07253501,9:510,9:180;4:150;5:910,4-8:380,4-9:1040,4-9:510;5-9:1850;4-5:2560,9-4:2460,4-5-9:13460,9-4-5:50530
2025-08-09,中京,2,07253502,2:760,2:320;8:400;13:1250,2-5:1410,2-8:4500,2-8:1410;2-13:3650;8-13:4650,2-8:8550,2-8-13:50540,2-8-13:183730
2025-08-09,中京,3,07253503,10:5370,10:530;6:310;3:130,5-7:12590,6-10:19770,6-10:5060;3-10:1450;3-6:600,10-6:62600,3-6-10:15360,10-6-3:253300
2025-08-09,中京,4,07253504,8:320,8:130;3:260;4:140,3-7:1430,3-8:2570,3-8:690;4-8:260;3-4:540,8-3:4690,3-4-8:2020,8-3-4:13710
2025-08-09,中京,5,07253505,16:440,16:170;7:180;6:350,4-8:610,7-16:1030,7-16:370;6-16:870;6-7:1180,16-7:2160,6-7-16:3560,16-7-6:13280
2025-08-09,中京,6,07253506,4:530,4:240;1:500;8:590,1-4:4820,1-4:5640,1-4:1760;4-8:1980;1-8:4220,4-1:8340,1-4-8:30730,4-1-8:117430
2025-08-09,中京,7,07253507,13:420,13:150;10:150;3:180,5-7:650,10-13:1120,10-13:430;3-13:490;3-10:450,13-10:2280,3-10-13:1900,13-10-3:8530
2025-08-09,中京,8,07253508,4:310,4:160;2:260,,2-4:860,2-4:260;3-4:490;2-3:750,4-2:1340,2-3-4:2420,4-2-3:7860
2025-08-09,中京,9,07253509,9:170,9:110;2:390;7:240,2-8:1910,2-9:3120,2-9:830;7-9:500;2-7:2060,9-2:4530,2-7-9:6980,9-2-7:26850
2025-08-09,中京,10,07253510,3:490,3:180;13:390;10:370,2-7:2200,3-13:2290,3-13:800;3-10:830;10-13:1760,3-13:3970,3-10-13:7400,3-13-10:30780
2025-08-09,中京,11,07253511,14:910,14:290;11:410;10:390,6-7:1730,11-14:6030,11-14:1780;10-14:1520;10-11:2380,14-11:10770,10-11-14:18760,14-11-10:104120
2025-08-09,中京,12,07253512,11:550,11:190;8:150;10:380,6-8:690,8-11:980,8-11:420;10-11:1510;8-10:840,11-8:2290,8-10-11:5130,11-8-10:22710
2025-08-09,新潟,1,04252501,1:190,1:110;15:110;5:170,1-8:280,1-15:310,1-15:170;1-5:340;5-15:360,1-15:490,1-5-15:760,1-15-5:2250
2025-08-09,新潟,2,04252502,7:150,7:110;8:320;2:410,7-7:1770,7-8:2040,7-8:660;2-7:590;2-8:3970,7-8:2460,2-7-8:7630,7-8-2:21410
2025-08-09,新潟,3,04252503,17:1980,17:470;6:380;11:270,3-8:5160,6-17:9480,6-17:2280;11-17:1540;6-11:1400,17-6:16020,6-11-17:13170,17-6-11:99270
2025-08-09,新潟,4,04252504,5:160,5:110;12:130;9:1130,3-7:360,5-12:340,5-12:190;5-9:3270;9-12:5860,5-12:440,5-9-12:13260,5-12-9:28580
2025-08-09,新潟,5,04252505,12:810,12:240;10:280;15:230,6-7:2400,10-12:3320,10-12:1030;12-15:790;10-15:1250,12-10:6160,10-12-15:6780,12-10-15:48790
2025-08-09,新潟,6,04252506,12:1420,12:310;14:230;16:1720,6-7:2130,12-14:3300,12-14:1060;12-16:5620;14-16:5330,12-14:10250,12-14-16:54450,12-14-16:312440
2025-08-09,新潟,7,04252507,8:340,8:170;10:890;7:420,6-7:1130,8-10:14140,8-10:2680;7-8:1240;7-10:7280,8-10:18320,7-8-10:50280,8-10-7:203000
2025-08-09,新潟,8,04252508,9:510,9:170;1:140;3:130,1-8:840,1-9:1350,1-9:520;3-9:410;1-3:320,9-1:3120,1-3-9:1480,9-1-3:11440
2025-08-09,新潟,9,04252509,6:570,6:180;8:140;2:360,4-5:470,6-8:600,6-8:310;2-6:1580;2-8:850,6-8:1490,2-6-8:3540,6-8-2:16180
2025-08-09,新潟,10,04252510,12:200,12:150;15:300;14:250,7-8:580,12-15:1330,12-15:620;12-14:450;14-15:1320,12-15:1630,12-14-15:3860,12-15-14:10230
2025-08-09,新潟,11,04252511,1:730,1:220;17:170;5:160,1-8:860,1-17:4080,1-17:1570;1-5:550;5-17:520,1-17:5100,1-5-17:4300,1-17-5:31950
2025-08-09,新潟,12,04252512,2:1270,2:320;3:170;18:330,1-2:1750,2-3:2260,2-3:1020;2-18:1970;3-18:960,2-3:5720,2-3-18:7410,2-3-18:43960
2025-08-09,札幌,1,01251501,4:1110,4:210;12:110;10:250,4-8:880,4-12:1050,4-12:400;4-10:1580;10-12:290,4-12:3370,4-10-12:2390,4-12-10:26210
2025-08-09,札幌,2,01251502,5:160,5:110;14:270;2:170,4-8:480,5-14:1090,5-14:330;2-5:310;2-14:1170,5-14:1440,2-5-14:2560,5-14-2:8210
2025-08-09,札幌,3,01251503,15:320,15:180;16:250;10:580,8-8:1260,15-16:1140,15-16:490;10-15:1620;10-16:3300,15-16:2070,10-15-16:9040,15-16-10:29580
2025-08-09,札幌,4,01251504,4:790,4:230;9:130;11:240,3-6:880,4-9:1040,4-9:520;4-11:1320;9-11:650,4-9:3100,4-9-11:3710,4-9-11:24170
2025-08-09,札幌,5,01251505,6:220,6:110;12:150;10:140,5-8:570,6-12:700,6-12:280;6-10:230;10-12:470,6-12:1190,6-10-12:1110,6-12-10:5060
2025-08-09,札幌,6,01251506,10:340,10:180;15:770;14:470,6-8:2240,10-15:4270,10-15:1390;10-14:1320;14-15:7660,10-15:5500,10-14-15:33560,10-15-14:111660
2025-08-09,札幌,7,01251507,3:280,3:130;12:180;9:180,3-8:610,3-12:960,3-12:400;3-9:350;9-12:850,3-12:2480,3-9-12:3260,3-12-9:13810
2025-08-09,札幌,8,01251508,4:280,4:160;1:600;9:340,1-4:5510,1-4:5340,1-4:1590;4-9:660;1-9:4170,4-1:7850,1-4-9:19920,4-1-9:88740
2025-08-09,札幌,9,01251509,3:140,3:110;4:110;8:110,3-4:270,3-4:250,3-4:130;3-8:170;4-8:240,3-4:300,3-4-8:330,3-4-8:880
2025-08-09,札幌,10,01251510,9:130,9:110;5:150;11:180,5-7:670,5-9:560,5-9:260;9-11:310;5-11:620,9-5:800,5-9-11:1090,9-5-11:2980
2025-08-09,札幌,11,01251511,1:890,1:240;6:130;2:580,1-4:900,1-6:1060,1-6:480;1-2:3560;2-6:1570,1-6:2940,1-2-6:10620,1-6-2:60680
2025-08-09,札幌,12,01251512,1:160,1:110;9:110;10:330,1-7:290,1-9:280,1-9:170;1-10:700;9-10:650,1-9:400,1-9-10:1610,1-9-10:3510
2025-08-10,中京,1,07253601,5:330,5:130;10:110;11:140,5-8:310,5-10:610,5-10:260;5-11:290;10-11:330,5-10:1080,5-10-11:540,5-10-11:2770
2025-08-10,中京,2,07253602,13:310,13:150;10:290;5:190,6-7:560,10-13:1220,10-13:620;5-13:450;5-10:900,13-10:2590,5-10-13:2360,13-10-5:11060
2025-08-10,中京,3,07253603,4:140,4:110;8:160;7:140,4-6:240,4-8:640,4-8:240;4-7:210;7-8:560,4-8:770,4-7-8:1080,4-8-7:2810
2025-08-10,中京,4,07253604,6:360,6:140;11:150;10:180,5-7:580,6-11:850,6-11:340;6-10:650;10-11:390,6-11:1630,6-10-11:2010,6-11-10:7970
2025-08-10,中京,5,07253605,6:480,6:170;14:360;11:250,3-7:530,6-14:2140,6-14:750;6-11:550;11-14:1310,6-14:3430,6-11-14:5010,6-14-11:22690
2025-08-10,中京,6,07253606,8:180,8:110;2:270;7:360,2-8:1170,2-8:1260,2-8:480;7-8:770;2-7:2240,8-2:1650,2-7-8:5890,8-2-7:16500
2025-08-10,中京,7,07253607,17:1390,17:360;9:160;5:410,5-8:1020,9-17:2090,9-17:990;5-17:5300;5-9:1310,17-9:5120,5-9-17:15520,17-9-5:96460
2025-08-10,中京,8,07253608,4:270,4:140;5:180;3:280,4-5:540,4-5:560,4-5:290;3-4:590;3-5:1130,4-5:890,3-4-5:2210,4-5-3:6040
2025-08-10,中京,9,07253609,13:390,13:160;12:150;2:180,7-8:600,12-13:860,12-13:380;2-13:510;2-12:490,13-12:1350,2-12-13:1780,13-12-2:6080
2025-08-10,中京,10,07253610,2:1560,2:380;4:180;8:730,2-4:1970,2-4:1990,2-4:730;2-8:5250;4-8:2730,2-4:5600,2-4-8:18310,2-4-8:98080
2025-08-10,中京,11,07253611,5:830,5:250;9:2010;1:220,3-5:6970,5-9:34590,5-9:7110;1-5:740;1-9:5430,5-9:54460,1-5-9:35300,5-9-1:277180
2025-08-10,中京,12,07253612,1:1490,1:380;11:160;15:190,1-6:2420,1-11:2410,1-11:980;1-15:1240;11-15:390,1-11:6580,1-11-15:3720,1-11-15:29140
2025-08-10,新潟,1,04252601,5:520,5:210;13:290;16:310,3-7:1780,5-13:2810,5-13:920;5-16:1110;13-16:1330,5-13:5290,5-13-16:7510,5-13-16:35590
2025-08-10,新潟,2,04252602,3:220,3:110;10:120;7:150,3-7:350,3-10:350,3-10:190;3-7:320;7-10:430,3-10:610,3-7-10:1000,3-10-7:2820
2025-08-10,新潟,3,04252603,5:930,5:150;10:110;15:150,3-6:610,5-10:590,5-10:290;5-15:640;10-15:220,5-10:1930,5-10-15:960,5-10-15:7500
2025-08-10,新潟,4,04252604,14:1010,14:250;2:290;13:140,2-8:1130,2-14:6060,2-14:1460;13-14:380;2-13:610,14-2:11780,2-13-14:2930,14-2-13:31170
2025-08-10,新潟,5,04252605,11:350,11:150;12:220;16:190,6-6:930,11-12:970,11-12:390;11-16:430;12-16:990,11-12:1830,11-12-16:2570,11-12-16:9690
2025-08-10,新潟,6,04252606,2:300,2:180;12:480;4:330,2-7:3390,2-12:8250,2-12:2250;2-4:990;4-12:4970,2-12:9720,2-4-12:24280,2-12-4:116010
2025-08-10,新潟,7,04252607,1:890,1:360;2:840;11:820,1-2:7830,1-2:13320,1-2:3600;1-11:4170;2-11:9710,1-2:19930,1-2-11:100940,1-2-11:448110
2025-08-10,新潟,8,04252608,18:190,18:120;13:150;16:150,7-8:310,13-18:530,13-18:250;16-18:270;13-16:370,18-13:670,13-16-18:800,18-13-16:2420
2025-08-10,新潟,9,04252609,4:480,4:180;7:240;8:340,3-5:1590,4-7:3290,4-7:860;4-8:1280;7-8:1640,4-7:5280,4-7-8:10480,4-7-8:43410
2025-08-10,新潟,10,04252610,9:680,9:270;7:670;6:640,4-5:2450,7-9:6880,7-9:1900;6-9:1360;6-7:5360,9-7:11440,6-7-9:26060,9-7-6:128150
2025-08-10,新潟,11,04252611,8:790,8:200;3:180;9:160,3-5:600,3-8:2250,3-8:740;8-9:470;3-9:570,8-3:4810,3-8-9:2550,8-3-9:21280
2025-08-10,新潟,12,04252612,6:550,6:240;18:330;4:320,3-8:770,6-18:3700,6-18:1580;4-6:1240;4-18:2430,6-18:6560,4-6-18:12330,6-18-4:64390
2025-08-10,札幌,1,01251601,5:1170,5:340;9:590;7:650,4-6:2450,5-9:13910,5-9:2900;5-7:4230;7-9:8750,5-9:26140,5-7-9:100130,5-9-7:522990
2025-08-10,札幌,2,01251602,5:3010,5:580;1:150;4:200,1-5:1290,1-5:3860,1-5:1400;4-5:2360;1-4:340,5-1:9790,1-4-5:4810,5-1-4:46090
2025-08-10,札幌,3,01251603,13:520,13:190;14:260;3:130,7-7:2030,13-14:2360,13-14:720;3-13:330;3-14:570,13-14:3470,3-13-14:2050,13-14-3:12060
2025-08-10,札幌,4,01251604,13:310,13:140;12:140;1:170,7-8:440,12-13:560,12-13:250;1-13:480;1-12:450,13-12:1040,1-12-13:1280,13-12-1:4760
2025-08-10,札幌,5,01251605,6:1150,6:210;1:280;8:120,1-5:5290,1-6:5230,1-6:1040;6-8:500;1-8:710,6-1:10860,1-6-8:4490,6-1-8:49700
2025-08-10,札幌,6,01251606,4:440,4:160;14:140;7:190,3-8:540,4-14:950,4-14:390;4-7:500;7-14:550,4-14:1830,4-7-14:1890,4-14-7:11280
2025-08-10,札幌,7,01251607,2:380,2:180;14:310;3:220,2-8:690,2-14:2270,2-14:980;2-3:610;3-14:1360,2-14:3520,2-3-14:5570,2-14-3:22390
2025-08-10,札幌,8,01251608,4:340,4:140;8:140;7:330,4-8:380,4-8:700,4-8:280;4-7:830;7-8:1020,4-8:1380,4-7-8:3700,4-8-7:12070
2025-08-10,札幌,9,01251609,7:140,7:110;6:240;8:300,6-7:620,6-7:540,6-7:350;7-8:510;6-8:1270,7-6:760,6-7-8:2370,7-6-8:5210
2025-08-10,札幌,10,01251610,7:490,7:220;5:580;6:260,4-5:1110,5-7:10540,5-7:2600;6-7:640;5-6:1860,7-5:16380,5-6-7:10850,7-5-6:83120
2025-08-10,札幌,11,01251611,11:670,11:320;10:990;1:880,5-6:2300,10-11:11930,10-11:3940;1-11:4630;1-10:11310,11-10:16090,1-10-11:139320,11-10-1:442640
2025-08-10,札幌,12,01251612,4:160,4:120;10:260;11:200,3-6:1380,4-10:1550,4-10:670;4-11:430;10-11:1350,4-10:1930,4-10-11:4790,4-10-11:14980
