date,venue,race_no,race_key_raw,win,place,frame_quinella,quinella,wide,exacta,trio,trifecta
2026-07-05,函館,1,02261801,4:940,4:580;7:390;2:300,4-7:3860,4-7:3210,4-7:870;2-4:760;2-7:450,4-7:7120,2-4-7:4270,4-7-2:35920
2026-07-05,函館,2,02261802,10:180,10:110;3:120;7:130,3-7:410,3-10:460,3-10:200;7-10:210;3-7:290,10-3:710,3-7-10:530,10-3-7:1750
2026-07-05,函館,3,02261803,11:4460,11:420;1:130;13:110,1-7:980,1-11:4830,1-11:1230;11-13:960;1-13:190,11-1:17300,1-11-13:2540,11-1-13:44780
2026-07-05,函館,4,02261804,16:610,16:250;2:310;13:500,1-8:2080,2-16:2980,2-16:1060;13-16:2020;2-13:2620,16-2:5180,2-13-16:22300,16-2-13:80710
2026-07-05,函館,5,02261805,1:130,1:110;2:150,,1-2:290,1-2:130;1-3:130;2-3:210,1-2:370,1-2-3:230,1-2-3:710
2026-07-05,函館,6,02261806,6:560,6:160;16:140;12:120,3-8:1140,6-16:1400,6-16:550;6-12:350;12-16:220,6-16:2760,6-12-16:1320,6-16-12:10860
2026-07-05,函館,7,02261807,7:330,7:150;8:150;2:150,7-8:880,7-8:860,7-8:350;2-7:390;2-8:420,7-8:1330,2-7-8:1340,7-8-2:4940
2026-07-05,函館,8,02261808,4:210,4:110;2:140;1:170,,2-4:650,2-4:230;1-4:340;1-2:370,4-2:1060,1-2-4:1030,4-2-1:4500
2026-07-05,函館,9,02261809,16:860,16:240;3:780;6:170,2-8:8500,3-16:24480,3-16:6670;6-16:460;3-6:2680,16-3:36500,3-6-16:17830,16-3-6:180730
2026-07-05,函館,10,02261810,1:180,1:110;7:170;11:230,1-6:440,1-7:670,1-7:300;1-11:450;7-11:700,1-7:1060,1-7-11:1650,1-7-11:5110
2026-07-05,函館,11,02261811,11:510,11:210;6:340;7:230,6-8:660,6-11:3870,6-11:1260;7-11:650;6-7:1650,11-6:7780,6-7-11:7370,11-6-7:41770
2026-07-05,函館,12,02261812,4:230,4:110;7:190;10:190,4-7:780,4-7:760,4-7:320;4-10:350;7-10:900,4-7:1100,4-7-10:1920,4-7-10:5450
2026-07-05,福島,1,03262401,10:800,10:240;11:390;5:200,6-6:4130,10-11:4360,10-11:1310;5-10:690;5-11:740,10-11:7780,5-10-11:4680,10-11-5:36570
2026-07-05,福島,2,03262402,8:540,8:190;2:320;11:150,1-4:1920,2-8:3780,2-8:1110;8-11:570;2-11:1150,8-2:6680,2-8-11:5870,8-2-11:43450
2026-07-05,福島,3,03262403,5:430,5:150;14:140;3:190,3-7:690,5-14:720,5-14:310;3-5:560;3-14:430,5-14:1240,3-5-14:1710,5-14-3:7700
2026-07-05,福島,4,03262404,10:290,10:150;8:420;15:190,4-5:420,8-10:4030,8-10:1250;10-15:480;8-15:2350,10-8:5710,8-10-15:7270,10-8-15:42260
2026-07-05,福島,5,03262405,5:330,5:170;12:880;14:580,3-6:670,5-12:5810,5-12:1770;5-14:1410;12-14:7870,5-12:6900,5-12-14:40720,5-12-14:184060
2026-07-05,福島,6,03262406,10:890,10:260;8:180;9:240,6-7:1230,8-10:1400,8-10:560;9-10:1140;8-9:680,10-8:3430,8-9-10:4000,10-8-9:25910
2026-07-05,福島,7,03262407,6:270,6:150;12:570;3:170,4-7:2720,6-12:3230,6-12:1130;3-6:360;3-12:1820,6-12:4750,3-6-12:4980,6-12-3:21040
2026-07-05,福島,8,03262408,6:540,6:160;4:200;1:110,4-5:2580,4-6:2280,4-6:630;1-6:270;1-4:330,6-4:4500,1-4-6:1380,6-4-1:12090
2026-07-05,福島,9,03262409,13:690,13:240;11:260;9:180,6-7:960,11-13:3110,11-13:1140;9-13:650;9-11:650,13-11:4960,9-11-13:3510,13-11-9:28580
2026-07-05,福島,10,03262410,5:130,5:110;1:210;4:290,1-5:780,1-5:700,1-5:310;4-5:380;1-4:1390,5-1:830,1-4-5:2200,5-1-4:5850
2026-07-05,福島,11,03262411,7:970,7:320;8:260;1:170,4-5:1150,7-8:6520,7-8:1890;1-7:1550;1-8:760,7-8:11380,1-7-8:12340,7-8-1:78470
2026-07-05,福島,12,03262412,8:1290,8:350;5:210;13:410,3-5:1190,5-8:2570,5-8:1030;8-13:2160;5-13:1490,8-5:6030,5-8-13:14300,8-5-13:79660
2026-07-05,小倉,1,10262401,12:600,12:180;3:200;2:250,3-8:1160,3-12:1770,3-12:590;2-12:750;2-3:830,12-3:3510,2-3-12:3960,12-3-2:21980
2026-07-05,小倉,2,10262402,10:180,10:110;7:320;8:450,4-5:680,7-10:1330,7-10:600;8-10:640;7-8:2440,10-7:1850,7-8-10:5940,10-7-8:17860
2026-07-05,小倉,3,10262403,5:3930,5:1330;12:2190;6:1060,3-6:8260,5-12:232680,5-12:41540;5-6:11110;6-12:30210,5-12:322040,5-6-12:759520,5-12-6:6681340
2026-07-05,小倉,4,10262404,6:1220,6:350;5:300;4:250,4-4:4930,5-6:4710,5-6:1220;4-6:1100;4-5:800,6-5:10960,4-5-6:6800,6-5-4:47380
2026-07-05,小倉,5,10262405,1:1410,1:350;11:530;8:320,1-8:7530,1-11:11550,1-11:2400;1-8:1330;8-11:2350,1-11:28040,1-8-11:30760,1-11-8:278230
2026-07-05,小倉,6,10262406,1:270,1:130;7:150;9:120,1-6:580,1-7:980,1-7:390;1-9:260;7-9:310,1-7:960,1-7-9:970,1-7-9:5120
2026-07-05,小倉,7,10262407,1:450,1:200;13:680;7:230,1-7:430,1-13:12070,1-13:3050;1-7:680;7-13:2440,1-13:16550,1-7-13:21020,1-13-7:127440
2026-07-05,小倉,8,10262408,3:630,3:190;9:350;5:150,3-8:1070,3-9:6630,3-9:1520;3-5:450;5-9:1150,3-9:9250,3-5-9:7550,3-9-5:55650
2026-07-05,小倉,9,10262409,5:170,5:110;2:110;6:120,,2-5:190,2-5:120;5-6:170;2-6:180,5-2:290,2-5-6:250,5-2-6:610
2026-07-05,小倉,10,10262410,9:310,9:170;14:1070;13:590,5-7:3530,9-14:6720,9-14:2280;9-13:1890;13-14:6160,9-14:8360,9-13-14:46990,9-14-13:146370
2026-07-05,小倉,11,10262411,12:300,12:160;2:410;9:230,2-8:3560,2-12:3930,2-12:1250;9-12:530;2-9:1830,12-2:5560,2-9-12:9440,12-2-9:41430
2026-07-05,小倉,12,10262412,10:170,10:110;2:420;15:330,1-5:770,2-10:1570,2-10:620;10-15:590;2-15:3800,10-2:2030,2-10-15:8960,10-2-15:24970
2026-07-11,函館,1,02261901,1:270,1:110;5:110;10:140,1-5:230,1-5:230,1-5:130;1-10:330;5-10:230,1-5:440,1-5-10:480,1-5-10:1650
2026-07-11,函館,2,02261902,7:600,7:160;3:220;4:310,3-5:780,3-7:1810,3-7:670;4-7:1200;3-4:1000,7-3:4190,3-4-7:5890,7-3-4:39650
2026-07-11,函館,3,02261903,6:290,6:150;5:440;4:860,3-3:2730,5-6:2630,5-6:810;4-6:1830;4-5:7710,6-5:3910,4-5-6:20530,6-5-4:73420
2026-07-11,函館,4,02261904,14:350,14:140;4:210;2:190,3-8:850,4-14:1400,4-14:540;2-14:620;2-4:760,14-4:2450,2-4-14:3450,14-4-2:14450
2026-07-11,函館,5,02261905,8:130,8:110;11:130;6:410,7-8:240,8-11:290,8-11:170;6-8:780;6-11:1440,8-11:370,6-8-11:2830,8-11-6:4780
2026-07-11,函館,6,02261906,9:200,9:110;4:170;3:190,4-7:590,4-9:690,4-9:330;3-9:400;3-4:490,9-4:1110,3-4-9:1170,9-4-3:4030
2026-07-11,函館,7,02261907,4:580,4:190;6:200;1:460,3-4:660,4-6:1820,4-6:440;1-4:1260;1-6:1560,4-6:3550,1-4-6:7220,4-6-1:31600
2026-07-11,函館,8,02261908,8:1000,8:190;1:180;4:150,1-6:1850,1-8:1640,1-8:560;4-8:550;1-4:470,8-1:3860,1-4-8:2760,8-1-4:17390
2026-07-11,函館,9,02261909,4:1870,4:490;8:320;9:410,4-7:4730,4-8:5980,4-8:1360;4-9:2270;8-9:1430,4-8:16690,4-8-9:19720,4-8-9:164230
2026-07-11,函館,10,02261910,7:320,7:190;2:150;6:620,2-5:540,2-7:580,2-7:390;6-7:2100;2-6:1390,7-2:890,2-6-7:5560,7-2-6:15870
2026-07-11,函館,11,02261911,1:450,1:190;3:190;2:690,1-3:1150,1-3:1110,1-3:500;1-2:1860;2-3:2520,1-3:2200,1-2-3:8740,1-3-2:32140
2026-07-11,函館,12,02261912,1:150,1:110;4:140;8:370,,1-4:360,1-4:190;1-8:830;4-8:930,1-4:480,1-4-8:2200,1-4-8:7470
2026-07-11,福島,1,03262501,6:740,6:190;3:120;11:920,3-6:240,3-6:760,3-6:360;6-11:4120;3-11:1460,6-3:1830,3-6-11:9390,6-3-11:50830
2026-07-11,福島,2,03262502,6:280,6:120;2:180;5:140,2-4:530,2-6:1160,2-6:440;5-6:220;2-5:440,6-2:1570,2-5-6:1160,6-2-5:5310
2026-07-11,福島,3,03262503,1:260,1:140;9:160;4:170,1-6:830,1-9:880,1-9:370;1-4:360;4-9:590,1-9:1470,1-4-9:1480,1-9-4:5410
2026-07-11,福島,4,03262504,13:510,13:150;5:140;4:140,3-7:420,5-13:940,5-13:300;4-13:310;4-5:220,13-5:1870,4-5-13:800,13-5-4:5800
2026-07-11,福島,5,03262505,1:150,1:110;10:150;4:230,1-8:350,1-10:410,1-10:210;1-4:420;4-10:1020,1-10:450,1-4-10:1600,1-10-4:3440
2026-07-11,福島,6,03262506,9:1200,9:430;6:370;1:370,3-5:3630,6-9:7480,6-9:1870;1-9:2020;1-6:2370,9-6:13960,1-6-9:24850,9-6-1:148070
2026-07-11,福島,7,03262507,6:220,6:120;9:310;4:140,6-7:2830,6-9:2690,6-9:580;4-6:210;4-9:1050,6-9:3390,4-6-9:2360,6-9-4:12570
2026-07-11,福島,8,03262508,12:320,12:190;9:190;1:250,5-6:800,9-12:960,9-12:440;1-12:620;1-9:790,12-9:1540,1-9-12:2900,12-9-1:10050
2026-07-11,福島,9,03262509,13:600,13:190;5:200;3:460,3-7:1840,5-13:1500,5-13:640;3-13:1820;3-5:1880,13-5:4230,3-5-13:10420,13-5-3:54670
2026-07-11,福島,10,03262510,8:200,8:110;9:230;5:260,8-8:980,8-9:1250,8-9:410;5-8:490;5-9:1220,8-9:1610,5-8-9:3850,8-9-5:11620
2026-07-11,福島,11,03262511,5:590,5:210;7:740;9:200,5-7:11010,5-7:10050,5-7:2580;5-9:660;7-9:2140,5-7:13940,5-7-9:15050,5-7-9:128500
2026-07-11,福島,12,03262512,6:1050,6:280;13:220;15:170,4-7:980,6-13:2470,6-13:910;6-15:790;13-15:530,6-13:5640,6-13-15:4080,6-13-15:42040
2026-07-11,小倉,1,10262501,10:180,10:110;12:250;2:410,7-8:560,10-12:1090,10-12:480;2-10:610;2-12:2540,10-12:1520,2-10-12:4160,10-12-2:9170
2026-07-11,小倉,2,10262502,8:440,8:130;9:250;6:170,4-5:1450,8-9:1790,8-9:740;6-8:430;6-9:710,8-9:3530,6-8-9:2960,8-9-6:18010
2026-07-11,小倉,3,10262503,10:1100,10:370;14:320;7:280,5-7:1120,10-14:7310,10-14:2530;7-10:1810;7-14:1580,10-14:13770,7-10-14:18690,10-14-7:111830
2026-07-11,小倉,4,10262504,1:560,1:190;3:390;2:110,1-2:1290,1-3:8110,1-3:2400;1-2:340;2-3:780,1-3:16090,1-2-3:3180,1-3-2:31490
2026-07-11,小倉,5,10262505,1:200,1:140;5:760;9:1020,1-5:1830,1-5:3780,1-5:1540;1-9:2160;5-9:8940,1-5:6220,1-5-9:26340,1-5-9:90160
2026-07-11,小倉,6,10262506,16:470,16:130;17:110;1:150;7:180,8-8:380,16-17:630,16-17:190;1-16:530;7-16:710;1-17:230;7-17:280,16-17:1340,1-16-17:900;7-16-17:1240,16-17-1:4370;16-17-7:6660
2026-07-11,小倉,7,10262507,6:400,6:190;5:240;1:770,5-5:1790,5-6:1690,5-6:620;1-6:1890;1-5:2960,6-5:2850,1-5-6:14590,6-5-1:44650
2026-07-11,小倉,8,10262508,10:790,10:320;8:200;4:200,7-8:880,8-10:4390,8-10:1490;4-10:1740;4-8:530,10-8:6110,4-8-10:8730,10-8-4:53050
2026-07-11,小倉,9,10262509,4:1810,4:430;3:180;10:260,3-4:3070,3-4:2770,3-4:870;4-10:1500;3-10:480,4-3:6530,3-4-10:4730,4-3-10:37670
2026-07-11,小倉,10,10262510,14:650,14:250;3:3710;16:200,2-7:7390,3-14:69900,3-14:18260;14-16:580;3-16:14380,14-3:99330,3-14-16:67200,14-3-16:715920
2026-07-11,小倉,11,10262511,5:570,5:210;1:370;7:250,1-5:3380,1-5:2850,1-5:800;5-7:540;1-7:1050,5-1:4800,1-5-7:4360,5-1-7:23590
2026-07-11,小倉,12,10262512,11:940,11:350;2:440;16:370,1-6:3030,2-11:5920,2-11:2030;11-16:1470;2-16:1920,11-2:11090,2-11-16:16990,11-2-16:92030
2026-07-12,函館,1,02261a01,4:430,4:120;6:110;12:170,4-5:360,4-6:360,4-6:180;4-12:460;6-12:330,4-6:890,4-6-12:880,4-6-12:4070
2026-07-12,函館,2,02261a02,7:390,7:200;11:420;6:500,5-7:2240,7-11:3950,7-11:1170;6-7:1430;6-11:2630,7-11:6320,6-7-11:17670,7-11-6:84710
2026-07-12,函館,3,02261a03,12:150,12:110;8:230;5:370,5-7:630,8-12:810,8-12:380;5-12:980;5-8:2610,12-8:950,5-8-12:5420,12-8-5:11620
2026-07-12,函館,4,02261a04,4:490,4:220;3:280;7:1440,2-2:2740,3-4:2730,3-4:1100;4-7:3970;3-7:12610,4-3:4980,3-4-7:44620,4-3-7:128650
2026-07-12,函館,5,02261a05,4:720,4:210;5:180;6:1180,4-5:1590,4-5:1880,4-5:710;4-6:3850;5-6:3420,4-5:4260,4-5-6:17130,4-5-6:81420
2026-07-12,函館,6,02261a06,1:1690,1:340;2:200;3:540,1-1:2480,1-2:2570,1-2:850;1-3:2090;2-3:1140,1-2:7010,1-2-3:11060,1-2-3:57110
2026-07-12,函館,7,02261a07,9:290,9:160;2:150;4:900,2-8:360,2-9:450,2-9:250;4-9:2720;2-4:2590,9-2:880,2-4-9:5370,9-2-4:18800
2026-07-12,函館,8,02261a08,2:280,2:170;9:140;8:260,2-7:430,2-9:620,2-9:260;2-8:760;8-9:730,2-9:1010,2-8-9:2580,2-9-8:6930
2026-07-12,函館,9,02261a09,1:1030,1:300;5:220;2:380,1-4:2030,1-5:2630,1-5:1050;1-2:1370;2-5:1120,1-5:7360,1-2-5:7750,1-5-2:51420
2026-07-12,函館,10,02261a10,6:980,6:290;5:420;8:510,5-5:5410,5-6:6380,5-6:1890;6-8:2960;5-8:3470,6-5:11360,5-6-8:33180,6-5-8:189330
2026-07-12,函館,11,02261a11,10:1110,10:420;12:380;4:170,6-7:2340,10-12:10030,10-12:3350;4-10:1180;4-12:1240,10-12:17770,4-10-12:18150,10-12-4:104440
2026-07-12,函館,12,02261a12,5:780,5:280;4:580;2:260,,4-5:7600,4-5:1620;2-5:550;2-4:1230,5-4:17400,2-4-5:8790,5-4-2:94910
2026-07-12,福島,1,03262601,3:330,3:150;13:710;6:140,3-8:670,3-13:8590,3-13:1920;3-6:240;6-13:1830,3-13:12600,3-6-13:5710,3-13-6:48150
2026-07-12,福島,2,03262602,2:540,2:180;15:110;1:420,2-8:320,2-15:610,2-15:330;1-2:2250;1-15:830,2-15:1390,1-2-15:6420,2-15-1:23280
2026-07-12,福島,3,03262603,9:150,9:110;13:290;6:150,5-7:880,9-13:1030,9-13:430;6-9:220;6-13:1070,9-13:1310,6-9-13:1370,9-13-6:5390
2026-07-12,福島,4,03262604,6:460,6:150;8:150;5:150,6-7:1700,6-8:1390,6-8:470;5-6:390;5-8:390,6-8:2790,5-6-8:1780,6-8-5:11420
2026-07-12,福島,5,03262605,12:210,12:120;4:160;14:580,2-6:390,4-12:640,4-12:350;12-14:1060;4-14:2160,12-4:820,4-12-14:4960,12-4-14:13120
2026-07-12,福島,6,03262606,12:1570,12:310;6:190;10:860,3-6:390,6-12:3500,6-12:1030;10-12:5430;6-10:3480,12-6:8400,6-10-12:40380,12-6-10:314270
2026-07-12,福島,7,03262607,4:430,4:200;12:310;10:230,2-6:710,4-12:3050,4-12:990;4-10:550;10-12:1120,4-12:5520,4-10-12:5100,4-12-10:26920
2026-07-12,福島,8,03262608,12:290,12:130;6:160;9:420,5-8:460,6-12:500,6-12:260;9-12:1640;6-9:2010,12-6:910,6-9-12:6990,12-6-9:23330
2026-07-12,福島,9,03262609,7:470,7:200;4:260;11:2730,3-5:1450,4-7:1730,4-7:670;7-11:7400;4-11:11630,7-4:3060,4-7-11:46330,7-4-11:151120
2026-07-12,福島,10,03262610,11:430,11:140;3:130;8:450,3-8:440,3-11:610,3-11:260;8-11:1360;3-8:1380,11-3:1360,3-8-11:4750,11-3-8:17660
2026-07-12,福島,11,03262611,11:500,11:240;6:370;9:1190,3-6:2310,6-11:3260,6-11:1080;9-11:6890;6-9:9380,11-6:5750,6-9-11:68290,11-6-9:223050
2026-07-12,福島,12,03262612,15:840,15:310;1:180;10:1180,1-8:1310,1-15:2400,1-15:830;10-15:4500;1-10:2900,15-1:4670,1-10-15:25550,15-1-10:99850
2026-07-12,小倉,1,10262601,10:330,10:180;2:850;11:330,1-5:4800,2-10:8320,2-10:2950;10-11:700;2-11:5960,10-2:13250,2-10-11:23430,10-2-11:93870
2026-07-12,小倉,2,10262602,9:450,9:180;6:240;10:530,4-6:1350,6-9:1630,6-9:490;9-10:1380;6-10:1590,9-6:2950,6-9-10:8220,9-6-10:29910
2026-07-12,小倉,3,10262603,2:300,2:140;5:120;7:140,2-3:310,2-5:370,2-5:180;2-7:400;5-7:280,2-5:760,2-5-7:750,2-5-7:2830
2026-07-12,小倉,4,10262604,7:380,7:150;12:190;6:140,5-8:590,7-12:1450,7-12:530;6-7:280;6-12:590,7-12:2320,6-7-12:1680,7-12-6:9710
2026-07-12,小倉,5,10262605,7:150,7:110;6:110;1:130,,6-7:280,6-7:150;1-7:250;1-6:320,7-6:360,1-6-7:560,7-6-1:1290
2026-07-12,小倉,6,10262606,4:540,4:150;6:110;5:260,4-6:450,4-6:460,4-6:210;4-5:870;5-6:530,4-6:1250,4-5-6:1890,4-6-5:8900
2026-07-12,小倉,7,10262607,4:440,4:160;5:150;12:180,3-3:890,4-5:910,4-5:360;4-12:560;5-12:590,4-5:1750,4-5-12:2310,4-5-12:9150
2026-07-12,小倉,8,10262608,1:310,1:130;2:130;3:230,1-2:450,1-2:460,1-2:240;1-3:790;2-3:670,1-2:940,1-2-3:2200,1-2-3:6080
2026-07-12,小倉,9,10262609,8:150,8:110;10:120;6:160,7-8:270,8-10:290,8-10:170;6-8:260;6-10:470,8-10:420,6-8-10:810,8-10-6:1730
2026-07-12,小倉,10,10262610,10:610,10:200;1:200;9:770,1-8:920,1-10:1430,1-10:590;9-10:3350;1-9:3480,10-1:2870,1-9-10:21180,10-1-9:89060
2026-07-12,小倉,11,10262611,6:1190,6:390;5:360;9:310,5-6:2810,5-6:5340,5-6:1580;6-9:1370;5-9:830,6-5:10850,5-6-9:9670,6-5-9:60920
2026-07-12,小倉,12,10262612,8:420,8:180;15:240;17:720,4-8:1110,8-15:1530,8-15:610;8-17:1970;15-17:3420,8-15:2830,8-15-17:14870,8-15-17:57510
