date,venue_code,race_no,race_key,horse_no,horse_name,recommendation_comment,recommendation_version
2026-10-03,05,1,05264101,13,スターフラッシュ,前傾ラップ戦を前で受け、勝ち馬と僅差まで踏ん張った。,RRDB-v0.3
2026-10-03,05,4,05264104,8,セイウンパシュート,敗戦でもタイムは水準以上。,RRDB-v0.3
2026-10-03,05,6,05264106,1,ミヤエスケープ,前傾ラップ戦を前で受け、勝ち馬と僅差まで踏ん張った。,RRDB-v0.3
2026-10-03,05,7,05264107,15,コルチェスター,後傾ラップ戦も後方から上位の上がりは使った。,RRDB-v0.3
2026-10-03,05,7,05264107,16,ピエドゥラパン,後傾ラップ戦も後方から上位の上がりは使った。,RRDB-v0.3
2026-10-03,05,8,05264108,11,タキノボリ,後傾ラップ戦も後方から上位の上がりは使った。,RRDB-v0.3
2026-10-03,05,10,05264110,6,サトミノキラリ,後傾ラップ戦も後方から上位の上がりは使った。,RRDB-v0.3
2026-10-03,05,10,05264110,15,キタサンダムール,後傾ラップ戦も後方から上位の上がりは使った。,RRDB-v0.3
2026-10-03,05,12,05264112,6,ヘリテージブルーム,前走時計はクラス水準より上。,RRDB-v0.3
2026-10-03,05,12,05264112,8,マジッククッキー,後傾ラップ戦も後方から上位の上がりは使った。,RRDB-v0.3
2026-10-03,05,12,05264112,13,メルシージュテーム,前傾ラップ戦を前で受け、勝ち馬と僅差まで踏ん張った。,RRDB-v0.3
2026-10-03,08,2,08264102,5,コルサロ,後傾ラップ戦も後方から上位の上がりは使った。,RRDB-v0.3
2026-10-03,08,6,08264106,4,ガウディ,前走時計はクラス水準より上。,RRDB-v0.3
2026-10-03,08,7,08264107,1,スズノソレイユ,後傾ラップ戦も後方から上位の上がりは使った。,RRDB-v0.3
2026-10-03,08,7,08264107,5,パンサーズ,前走時計はクラス水準より上。,RRDB-v0.3
2026-10-03,08,7,08264107,7,ブロンテス,前傾ラップ戦を前で受け、勝ち馬と僅差まで踏ん張った。,RRDB-v0.3
2026-10-03,08,8,08264108,9,アクロフェイズ,前傾ラップ戦を前で受け、勝ち馬と僅差まで踏ん張った。,RRDB-v0.3
2026-10-03,08,10,08264110,8,アメリカンチケット,前傾ラップ戦を前で受け、勝ち馬と僅差まで踏ん張った。,RRDB-v0.3
2026-10-03,08,10,08264110,16,ギーロカスタル,後傾ラップ戦も後方から上位の上がりは使った。,RRDB-v0.3
2026-10-03,08,11,08264111,16,フロムダスク,前傾ラップ戦を前で受け、勝ち馬と僅差まで踏ん張った。,RRDB-v0.3
