signal,target_date,target_race_key,target_horse_no,horse_id,horse_name,previous_race_date,previous_finish,performance_signal,pace_balance_percentile,corner4_frontness,target_finish,target_popularity,target_win_odds,target_place_payout_yen
ALL_USABLE,2026-09-06,06264207,5,23103668,カテドラルクォーツ,2026-07-04,11,-0.24999999999999764,37.79149519890261,0.5333333333333333,1,17,244.9,8740
ALL_USABLE,2026-09-06,06264207,4,23106314,ジェイエルグリーン,2026-08-08,14,-1.0944444444444414,82.09302325581395,0.8,2,15,155.8,4820
ALL_USABLE,2026-09-19,09264510,12,22104515,ビーアイフォルテ,2026-08-30,17,-1.8555555555555543,,,1,14,248.9,4170
ALL_USABLE,2026-09-26,06264801,11,24103502,ハクタカ,2026-07-12,16,-2.9305555555555585,6.896551724137931,0.2666666666666667,2,9,134.9,3110
ALL_USABLE,2026-09-06,09264204,5,23102718,レイワノキセキ,2026-08-16,14,-2.134920634920634,76.24750499001996,0.06666666666666665,2,14,267.1,2860
ALL_USABLE,2026-09-22,06264709,10,22105711,ヴァリオーサ,2026-05-24,11,-0.8333333333333333,50.5971769815418,0.09090909090909094,3,16,172.8,2830
ALL_USABLE,2026-09-05,06264107,13,23107061,ヨーゼフ,2026-08-16,10,-0.22916666666665958,56.074766355140184,0.4375,3,10,105.4,2090
ALL_USABLE,2026-09-27,06264907,1,22106212,ウインロゼライト,2026-07-25,10,0.04285714285714448,35.97883597883598,0.375,3,14,96.6,1810
ALL_USABLE,2026-09-19,09264511,2,22105808,トゥロン,2026-08-01,13,-1.8214285714285796,51.99175824175824,0.19999999999999996,2,14,79.6,1640
ALL_USABLE,2026-09-19,09264507,5,23105302,ラッキーシグネチャ,2026-09-06,5,-0.23333333333333428,,0.9333333333333333,3,12,78.6,1490
ALL_USABLE,2026-09-06,09264208,2,19101873,ストップザタイム,2025-05-18,2,-0.34444444444444144,22.194513715710723,1.0,2,7,26.4,1440
ALL_USABLE,2026-09-05,06264112,1,22101987,シルバードン,2026-08-23,9,-1.4999999999999978,1.6370439663236669,0.0,2,12,123.6,1390
ALL_USABLE,2026-09-12,06264304,4,23103347,カーヴドヴァン,2026-07-26,8,0.1875000000000071,89.59183673469387,0.2941176470588235,1,16,64.8,1310
ALL_USABLE,2026-09-27,09264911,8,20103517,レッドシュヴェルト,2026-08-22,10,-0.4116071428571441,51.679586563307495,0.2941176470588235,3,14,72.8,1240
ALL_USABLE,2026-09-05,09264110,6,22105475,レディーミコノス,2026-08-22,12,0.03482142857143877,74.34869739478958,0.7647058823529411,2,3,10.7,1230
ALL_USABLE,2026-09-19,09264510,8,20102326,サンライズプルート,2026-07-11,7,-0.3333333333333381,94.07582938388626,0.47058823529411764,3,11,73.0,1170
ALL_USABLE,2026-09-27,06264910,8,22102745,ベネスピラ,2026-08-23,12,-1.3666666666666631,86.70694864048339,0.9230769230769231,3,10,35.6,1120
ALL_USABLE,2026-09-19,09264501,8,24102516,ベルウッドワタル,2026-09-12,7,-2.4960317460317483,,0.1428571428571429,1,7,54.4,1090
ALL_USABLE,2026-09-12,06264308,2,21103504,スノーディーヴァ,2025-09-27,16,-0.7982954545454519,13.69047619047619,0.4666666666666667,3,9,52.8,1090
ALL_USABLE,2026-09-21,09264710,7,21105384,チルカーノ,2026-08-22,12,-1.477564102564095,70.83333333333333,0.23076923076923073,3,14,50.2,1070
ALL_USABLE,2026-09-05,01262503,2,23102999,ペイシャクロス,2026-08-23,4,-0.4294117647058897,,0.7272727272727273,1,9,75.3,1060
ALL_USABLE,2026-09-13,06264406,5,23101825,ヨドノサファイア,2026-08-30,4,0.05294117647059024,,0.7692307692307692,2,10,38.5,1060
ALL_USABLE,2026-09-21,09264711,8,23101200,シートゥサミット,2026-06-20,2,1.2196969696969617,62.64591439688716,0.7333333333333334,3,11,113.7,1060
ALL_USABLE,2026-09-19,09264511,10,21105736,カルパ,2026-07-19,9,-1.6176470588235294,61.85121107266436,0.4666666666666667,3,10,45.4,1050
ALL_USABLE,2026-09-06,01262611,8,20106234,グランドカリナン,2026-05-16,9,-0.7222222222222143,20.971563981042653,0.0,3,14,39.2,1050
ALL_USABLE,2026-09-19,09264508,1,24104953,シティオブドリーム,2026-08-16,1,-0.8083333333333323,50.457317073170735,1.0,2,4,8.7,1030
ALL_USABLE,2026-09-26,09264811,9,21105630,ルシュヴァルドール,2026-04-18,15,-2.4166666666666634,21.65117550574084,0.5333333333333333,2,13,24.3,1020
ALL_USABLE,2026-09-06,06264207,13,23103780,サンクレゾン,2026-05-09,6,-0.7222222222222285,47.986577181208055,0.5454545454545454,3,6,25.9,1010
ALL_USABLE,2026-09-12,09264304,5,23110018,ラッキーストーン,2026-07-04,12,-0.8705882352941117,59.28196147110333,0.19999999999999996,1,11,32.4,1010
ALL_USABLE,2026-09-27,06264903,3,24100841,フレンドミラノ,2026-09-05,5,-1.0382352941176392,,0.36363636363636365,3,8,105.1,1000
TIME_COMPLETE,2026-09-06,06264207,5,23103668,カテドラルクォーツ,2026-07-04,11,-0.24999999999999764,37.79149519890261,0.5333333333333333,1,17,244.9,8740
TIME_COMPLETE,2026-09-06,06264207,4,23106314,ジェイエルグリーン,2026-08-08,14,-1.0944444444444414,82.09302325581395,0.8,2,15,155.8,4820
TIME_COMPLETE,2026-09-19,09264510,12,22104515,ビーアイフォルテ,2026-08-30,17,-1.8555555555555543,,,1,14,248.9,4170
TIME_COMPLETE,2026-09-26,06264801,11,24103502,ハクタカ,2026-07-12,16,-2.9305555555555585,6.896551724137931,0.2666666666666667,2,9,134.9,3110
TIME_COMPLETE,2026-09-06,09264204,5,23102718,レイワノキセキ,2026-08-16,14,-2.134920634920634,76.24750499001996,0.06666666666666665,2,14,267.1,2860
TIME_COMPLETE,2026-09-22,06264709,10,22105711,ヴァリオーサ,2026-05-24,11,-0.8333333333333333,50.5971769815418,0.09090909090909094,3,16,172.8,2830
TIME_COMPLETE,2026-09-05,06264107,13,23107061,ヨーゼフ,2026-08-16,10,-0.22916666666665958,56.074766355140184,0.4375,3,10,105.4,2090
TIME_COMPLETE,2026-09-27,06264907,1,22106212,ウインロゼライト,2026-07-25,10,0.04285714285714448,35.97883597883598,0.375,3,14,96.6,1810
TIME_COMPLETE,2026-09-19,09264511,2,22105808,トゥロン,2026-08-01,13,-1.8214285714285796,51.99175824175824,0.19999999999999996,2,14,79.6,1640
TIME_COMPLETE,2026-09-19,09264507,5,23105302,ラッキーシグネチャ,2026-09-06,5,-0.23333333333333428,,0.9333333333333333,3,12,78.6,1490
TIME_COMPLETE,2026-09-06,09264208,2,19101873,ストップザタイム,2025-05-18,2,-0.34444444444444144,22.194513715710723,1.0,2,7,26.4,1440
TIME_COMPLETE,2026-09-05,06264112,1,22101987,シルバードン,2026-08-23,9,-1.4999999999999978,1.6370439663236669,0.0,2,12,123.6,1390
TIME_COMPLETE,2026-09-12,06264304,4,23103347,カーヴドヴァン,2026-07-26,8,0.1875000000000071,89.59183673469387,0.2941176470588235,1,16,64.8,1310
TIME_COMPLETE,2026-09-27,09264911,8,20103517,レッドシュヴェルト,2026-08-22,10,-0.4116071428571441,51.679586563307495,0.2941176470588235,3,14,72.8,1240
TIME_COMPLETE,2026-09-05,09264110,6,22105475,レディーミコノス,2026-08-22,12,0.03482142857143877,74.34869739478958,0.7647058823529411,2,3,10.7,1230
TIME_COMPLETE,2026-09-19,09264510,8,20102326,サンライズプルート,2026-07-11,7,-0.3333333333333381,94.07582938388626,0.47058823529411764,3,11,73.0,1170
TIME_COMPLETE,2026-09-27,06264910,8,22102745,ベネスピラ,2026-08-23,12,-1.3666666666666631,86.70694864048339,0.9230769230769231,3,10,35.6,1120
TIME_COMPLETE,2026-09-19,09264501,8,24102516,ベルウッドワタル,2026-09-12,7,-2.4960317460317483,,0.1428571428571429,1,7,54.4,1090
TIME_COMPLETE,2026-09-12,06264308,2,21103504,スノーディーヴァ,2025-09-27,16,-0.7982954545454519,13.69047619047619,0.4666666666666667,3,9,52.8,1090
TIME_COMPLETE,2026-09-21,09264710,7,21105384,チルカーノ,2026-08-22,12,-1.477564102564095,70.83333333333333,0.23076923076923073,3,14,50.2,1070
TIME_COMPLETE,2026-09-05,01262503,2,23102999,ペイシャクロス,2026-08-23,4,-0.4294117647058897,,0.7272727272727273,1,9,75.3,1060
TIME_COMPLETE,2026-09-13,06264406,5,23101825,ヨドノサファイア,2026-08-30,4,0.05294117647059024,,0.7692307692307692,2,10,38.5,1060
TIME_COMPLETE,2026-09-21,09264711,8,23101200,シートゥサミット,2026-06-20,2,1.2196969696969617,62.64591439688716,0.7333333333333334,3,11,113.7,1060
TIME_COMPLETE,2026-09-19,09264511,10,21105736,カルパ,2026-07-19,9,-1.6176470588235294,61.85121107266436,0.4666666666666667,3,10,45.4,1050
TIME_COMPLETE,2026-09-06,01262611,8,20106234,グランドカリナン,2026-05-16,9,-0.7222222222222143,20.971563981042653,0.0,3,14,39.2,1050
TIME_COMPLETE,2026-09-19,09264508,1,24104953,シティオブドリーム,2026-08-16,1,-0.8083333333333323,50.457317073170735,1.0,2,4,8.7,1030
TIME_COMPLETE,2026-09-26,09264811,9,21105630,ルシュヴァルドール,2026-04-18,15,-2.4166666666666634,21.65117550574084,0.5333333333333333,2,13,24.3,1020
TIME_COMPLETE,2026-09-06,06264207,13,23103780,サンクレゾン,2026-05-09,6,-0.7222222222222285,47.986577181208055,0.5454545454545454,3,6,25.9,1010
TIME_COMPLETE,2026-09-12,09264304,5,23110018,ラッキーストーン,2026-07-04,12,-0.8705882352941117,59.28196147110333,0.19999999999999996,1,11,32.4,1010
TIME_COMPLETE,2026-09-27,06264903,3,24100841,フレンドミラノ,2026-09-05,5,-1.0382352941176392,,0.36363636363636365,3,8,105.1,1000
PACE_COMPLETE,2026-09-06,06264207,5,23103668,カテドラルクォーツ,2026-07-04,11,-0.24999999999999764,37.79149519890261,0.5333333333333333,1,17,244.9,8740
PACE_COMPLETE,2026-09-06,06264207,4,23106314,ジェイエルグリーン,2026-08-08,14,-1.0944444444444414,82.09302325581395,0.8,2,15,155.8,4820
PACE_COMPLETE,2026-09-26,06264801,11,24103502,ハクタカ,2026-07-12,16,-2.9305555555555585,6.896551724137931,0.2666666666666667,2,9,134.9,3110
PACE_COMPLETE,2026-09-06,09264204,5,23102718,レイワノキセキ,2026-08-16,14,-2.134920634920634,76.24750499001996,0.06666666666666665,2,14,267.1,2860
PACE_COMPLETE,2026-09-22,06264709,10,22105711,ヴァリオーサ,2026-05-24,11,-0.8333333333333333,50.5971769815418,0.09090909090909094,3,16,172.8,2830
PACE_COMPLETE,2026-09-05,06264107,13,23107061,ヨーゼフ,2026-08-16,10,-0.22916666666665958,56.074766355140184,0.4375,3,10,105.4,2090
PACE_COMPLETE,2026-09-27,06264907,1,22106212,ウインロゼライト,2026-07-25,10,0.04285714285714448,35.97883597883598,0.375,3,14,96.6,1810
PACE_COMPLETE,2026-09-19,09264511,2,22105808,トゥロン,2026-08-01,13,-1.8214285714285796,51.99175824175824,0.19999999999999996,2,14,79.6,1640
PACE_COMPLETE,2026-09-06,09264208,2,19101873,ストップザタイム,2025-05-18,2,-0.34444444444444144,22.194513715710723,1.0,2,7,26.4,1440
PACE_COMPLETE,2026-09-05,06264112,1,22101987,シルバードン,2026-08-23,9,-1.4999999999999978,1.6370439663236669,0.0,2,12,123.6,1390
PACE_COMPLETE,2026-09-12,06264304,4,23103347,カーヴドヴァン,2026-07-26,8,0.1875000000000071,89.59183673469387,0.2941176470588235,1,16,64.8,1310
PACE_COMPLETE,2026-09-27,09264911,8,20103517,レッドシュヴェルト,2026-08-22,10,-0.4116071428571441,51.679586563307495,0.2941176470588235,3,14,72.8,1240
PACE_COMPLETE,2026-09-05,09264110,6,22105475,レディーミコノス,2026-08-22,12,0.03482142857143877,74.34869739478958,0.7647058823529411,2,3,10.7,1230
PACE_COMPLETE,2026-09-19,09264510,8,20102326,サンライズプルート,2026-07-11,7,-0.3333333333333381,94.07582938388626,0.47058823529411764,3,11,73.0,1170
PACE_COMPLETE,2026-09-27,06264910,8,22102745,ベネスピラ,2026-08-23,12,-1.3666666666666631,86.70694864048339,0.9230769230769231,3,10,35.6,1120
PACE_COMPLETE,2026-09-12,06264308,2,21103504,スノーディーヴァ,2025-09-27,16,-0.7982954545454519,13.69047619047619,0.4666666666666667,3,9,52.8,1090
PACE_COMPLETE,2026-09-21,09264710,7,21105384,チルカーノ,2026-08-22,12,-1.477564102564095,70.83333333333333,0.23076923076923073,3,14,50.2,1070
PACE_COMPLETE,2026-09-21,09264711,8,23101200,シートゥサミット,2026-06-20,2,1.2196969696969617,62.64591439688716,0.7333333333333334,3,11,113.7,1060
PACE_COMPLETE,2026-09-19,09264511,10,21105736,カルパ,2026-07-19,9,-1.6176470588235294,61.85121107266436,0.4666666666666667,3,10,45.4,1050
PACE_COMPLETE,2026-09-06,01262611,8,20106234,グランドカリナン,2026-05-16,9,-0.7222222222222143,20.971563981042653,0.0,3,14,39.2,1050
PACE_COMPLETE,2026-09-19,09264508,1,24104953,シティオブドリーム,2026-08-16,1,-0.8083333333333323,50.457317073170735,1.0,2,4,8.7,1030
PACE_COMPLETE,2026-09-26,09264811,9,21105630,ルシュヴァルドール,2026-04-18,15,-2.4166666666666634,21.65117550574084,0.5333333333333333,2,13,24.3,1020
PACE_COMPLETE,2026-09-06,06264207,13,23103780,サンクレゾン,2026-05-09,6,-0.7222222222222285,47.986577181208055,0.5454545454545454,3,6,25.9,1010
PACE_COMPLETE,2026-09-12,09264304,5,23110018,ラッキーストーン,2026-07-04,12,-0.8705882352941117,59.28196147110333,0.19999999999999996,1,11,32.4,1010
TIME_PACE_COMMON,2026-09-06,06264207,5,23103668,カテドラルクォーツ,2026-07-04,11,-0.24999999999999764,37.79149519890261,0.5333333333333333,1,17,244.9,8740
TIME_PACE_COMMON,2026-09-06,06264207,4,23106314,ジェイエルグリーン,2026-08-08,14,-1.0944444444444414,82.09302325581395,0.8,2,15,155.8,4820
TIME_PACE_COMMON,2026-09-26,06264801,11,24103502,ハクタカ,2026-07-12,16,-2.9305555555555585,6.896551724137931,0.2666666666666667,2,9,134.9,3110
TIME_PACE_COMMON,2026-09-06,09264204,5,23102718,レイワノキセキ,2026-08-16,14,-2.134920634920634,76.24750499001996,0.06666666666666665,2,14,267.1,2860
TIME_PACE_COMMON,2026-09-22,06264709,10,22105711,ヴァリオーサ,2026-05-24,11,-0.8333333333333333,50.5971769815418,0.09090909090909094,3,16,172.8,2830
TIME_PACE_COMMON,2026-09-05,06264107,13,23107061,ヨーゼフ,2026-08-16,10,-0.22916666666665958,56.074766355140184,0.4375,3,10,105.4,2090
TIME_PACE_COMMON,2026-09-27,06264907,1,22106212,ウインロゼライト,2026-07-25,10,0.04285714285714448,35.97883597883598,0.375,3,14,96.6,1810
TIME_PACE_COMMON,2026-09-19,09264511,2,22105808,トゥロン,2026-08-01,13,-1.8214285714285796,51.99175824175824,0.19999999999999996,2,14,79.6,1640
TIME_PACE_COMMON,2026-09-06,09264208,2,19101873,ストップザタイム,2025-05-18,2,-0.34444444444444144,22.194513715710723,1.0,2,7,26.4,1440
TIME_PACE_COMMON,2026-09-05,06264112,1,22101987,シルバードン,2026-08-23,9,-1.4999999999999978,1.6370439663236669,0.0,2,12,123.6,1390
TIME_PACE_COMMON,2026-09-12,06264304,4,23103347,カーヴドヴァン,2026-07-26,8,0.1875000000000071,89.59183673469387,0.2941176470588235,1,16,64.8,1310
TIME_PACE_COMMON,2026-09-27,09264911,8,20103517,レッドシュヴェルト,2026-08-22,10,-0.4116071428571441,51.679586563307495,0.2941176470588235,3,14,72.8,1240
TIME_PACE_COMMON,2026-09-05,09264110,6,22105475,レディーミコノス,2026-08-22,12,0.03482142857143877,74.34869739478958,0.7647058823529411,2,3,10.7,1230
TIME_PACE_COMMON,2026-09-19,09264510,8,20102326,サンライズプルート,2026-07-11,7,-0.3333333333333381,94.07582938388626,0.47058823529411764,3,11,73.0,1170
TIME_PACE_COMMON,2026-09-27,06264910,8,22102745,ベネスピラ,2026-08-23,12,-1.3666666666666631,86.70694864048339,0.9230769230769231,3,10,35.6,1120
TIME_PACE_COMMON,2026-09-12,06264308,2,21103504,スノーディーヴァ,2025-09-27,16,-0.7982954545454519,13.69047619047619,0.4666666666666667,3,9,52.8,1090
TIME_PACE_COMMON,2026-09-21,09264710,7,21105384,チルカーノ,2026-08-22,12,-1.477564102564095,70.83333333333333,0.23076923076923073,3,14,50.2,1070
TIME_PACE_COMMON,2026-09-21,09264711,8,23101200,シートゥサミット,2026-06-20,2,1.2196969696969617,62.64591439688716,0.7333333333333334,3,11,113.7,1060
TIME_PACE_COMMON,2026-09-19,09264511,10,21105736,カルパ,2026-07-19,9,-1.6176470588235294,61.85121107266436,0.4666666666666667,3,10,45.4,1050
TIME_PACE_COMMON,2026-09-06,01262611,8,20106234,グランドカリナン,2026-05-16,9,-0.7222222222222143,20.971563981042653,0.0,3,14,39.2,1050
TIME_PACE_COMMON,2026-09-19,09264508,1,24104953,シティオブドリーム,2026-08-16,1,-0.8083333333333323,50.457317073170735,1.0,2,4,8.7,1030
TIME_PACE_COMMON,2026-09-26,09264811,9,21105630,ルシュヴァルドール,2026-04-18,15,-2.4166666666666634,21.65117550574084,0.5333333333333333,2,13,24.3,1020
TIME_PACE_COMMON,2026-09-06,06264207,13,23103780,サンクレゾン,2026-05-09,6,-0.7222222222222285,47.986577181208055,0.5454545454545454,3,6,25.9,1010
TIME_PACE_COMMON,2026-09-12,09264304,5,23110018,ラッキーストーン,2026-07-04,12,-0.8705882352941117,59.28196147110333,0.19999999999999996,1,11,32.4,1010
PERF_TOP20,2026-09-27,06264907,1,22106212,ウインロゼライト,2026-07-25,10,0.04285714285714448,35.97883597883598,0.375,3,14,96.6,1810
PERF_TOP20,2026-09-12,06264304,4,23103347,カーヴドヴァン,2026-07-26,8,0.1875000000000071,89.59183673469387,0.2941176470588235,1,16,64.8,1310
PERF_TOP20,2026-09-05,09264110,6,22105475,レディーミコノス,2026-08-22,12,0.03482142857143877,74.34869739478958,0.7647058823529411,2,3,10.7,1230
PERF_TOP20,2026-09-13,06264406,5,23101825,ヨドノサファイア,2026-08-30,4,0.05294117647059024,,0.7692307692307692,2,10,38.5,1060
PERF_TOP20,2026-09-21,09264711,8,23101200,シートゥサミット,2026-06-20,2,1.2196969696969617,62.64591439688716,0.7333333333333334,3,11,113.7,1060
PERF_TOP10,2026-09-21,09264711,8,23101200,シートゥサミット,2026-06-20,2,1.2196969696969617,62.64591439688716,0.7333333333333334,3,11,113.7,1060
FRONT_HIGH,2026-09-06,06264207,4,23106314,ジェイエルグリーン,2026-08-08,14,-1.0944444444444414,82.09302325581395,0.8,2,15,155.8,4820
FRONT_HIGH,2026-09-05,09264110,6,22105475,レディーミコノス,2026-08-22,12,0.03482142857143877,74.34869739478958,0.7647058823529411,2,3,10.7,1230
FRONT_HIGH,2026-09-27,06264910,8,22102745,ベネスピラ,2026-08-23,12,-1.3666666666666631,86.70694864048339,0.9230769230769231,3,10,35.6,1120
REAR_HIGH,2026-09-26,06264801,11,24103502,ハクタカ,2026-07-12,16,-2.9305555555555585,6.896551724137931,0.2666666666666667,2,9,134.9,3110
REAR_HIGH,2026-09-05,06264112,1,22101987,シルバードン,2026-08-23,9,-1.4999999999999978,1.6370439663236669,0.0,2,12,123.6,1390
REAR_HIGH,2026-09-06,01262611,8,20106234,グランドカリナン,2026-05-16,9,-0.7222222222222143,20.971563981042653,0.0,3,14,39.2,1050
REAR_VERY_HIGH,2026-09-26,06264801,11,24103502,ハクタカ,2026-07-12,16,-2.9305555555555585,6.896551724137931,0.2666666666666667,2,9,134.9,3110
REAR_VERY_HIGH,2026-09-05,06264112,1,22101987,シルバードン,2026-08-23,9,-1.4999999999999978,1.6370439663236669,0.0,2,12,123.6,1390
REAR_EXTREME,2026-09-05,06264112,1,22101987,シルバードン,2026-08-23,9,-1.4999999999999978,1.6370439663236669,0.0,2,12,123.6,1390
LAST3F80,2026-09-05,06264112,1,22101987,シルバードン,2026-08-23,9,-1.4999999999999978,1.6370439663236669,0.0,2,12,123.6,1390
LAST3F80,2026-09-27,09264911,8,20103517,レッドシュヴェルト,2026-08-22,10,-0.4116071428571441,51.679586563307495,0.2941176470588235,3,14,72.8,1240
LAST3F80,2026-09-21,09264711,8,23101200,シートゥサミット,2026-06-20,2,1.2196969696969617,62.64591439688716,0.7333333333333334,3,11,113.7,1060
LAST3F80,2026-09-19,09264508,1,24104953,シティオブドリーム,2026-08-16,1,-0.8083333333333323,50.457317073170735,1.0,2,4,8.7,1030
LAST3F80,2026-09-27,06264903,3,24100841,フレンドミラノ,2026-09-05,5,-1.0382352941176392,,0.36363636363636365,3,8,105.1,1000
LAST3F90,2026-09-05,06264112,1,22101987,シルバードン,2026-08-23,9,-1.4999999999999978,1.6370439663236669,0.0,2,12,123.6,1390
LAST3F90,2026-09-19,09264508,1,24104953,シティオブドリーム,2026-08-16,1,-0.8083333333333323,50.457317073170735,1.0,2,4,8.7,1030
LAST3F90,2026-09-27,06264903,3,24100841,フレンドミラノ,2026-09-05,5,-1.0382352941176392,,0.36363636363636365,3,8,105.1,1000
POSITION_RECOVERY,2026-09-21,09264711,8,23101200,シートゥサミット,2026-06-20,2,1.2196969696969617,62.64591439688716,0.7333333333333334,3,11,113.7,1060
POSITION_RECOVERY,2026-09-27,06264903,3,24100841,フレンドミラノ,2026-09-05,5,-1.0382352941176392,,0.36363636363636365,3,8,105.1,1000
POSITION_RECOVERY_LAST3F80,2026-09-21,09264711,8,23101200,シートゥサミット,2026-06-20,2,1.2196969696969617,62.64591439688716,0.7333333333333334,3,11,113.7,1060
POSITION_RECOVERY_LAST3F80,2026-09-27,06264903,3,24100841,フレンドミラノ,2026-09-05,5,-1.0382352941176392,,0.36363636363636365,3,8,105.1,1000
CURRENT_HV07,2026-09-27,06264903,3,24100841,フレンドミラノ,2026-09-05,5,-1.0382352941176392,,0.36363636363636365,3,8,105.1,1000
CURRENT_SA,2026-09-27,06264907,1,22106212,ウインロゼライト,2026-07-25,10,0.04285714285714448,35.97883597883598,0.375,3,14,96.6,1810
CURRENT_SA,2026-09-05,06264112,1,22101987,シルバードン,2026-08-23,9,-1.4999999999999978,1.6370439663236669,0.0,2,12,123.6,1390
CURRENT_SA,2026-09-12,06264304,4,23103347,カーヴドヴァン,2026-07-26,8,0.1875000000000071,89.59183673469387,0.2941176470588235,1,16,64.8,1310
CURRENT_SA,2026-09-05,09264110,6,22105475,レディーミコノス,2026-08-22,12,0.03482142857143877,74.34869739478958,0.7647058823529411,2,3,10.7,1230
CURRENT_SA,2026-09-13,06264406,5,23101825,ヨドノサファイア,2026-08-30,4,0.05294117647059024,,0.7692307692307692,2,10,38.5,1060
CURRENT_SA,2026-09-27,06264903,3,24100841,フレンドミラノ,2026-09-05,5,-1.0382352941176392,,0.36363636363636365,3,8,105.1,1000
FINISH_GE4,2026-09-06,06264207,5,23103668,カテドラルクォーツ,2026-07-04,11,-0.24999999999999764,37.79149519890261,0.5333333333333333,1,17,244.9,8740
FINISH_GE4,2026-09-06,06264207,4,23106314,ジェイエルグリーン,2026-08-08,14,-1.0944444444444414,82.09302325581395,0.8,2,15,155.8,4820
FINISH_GE4,2026-09-19,09264510,12,22104515,ビーアイフォルテ,2026-08-30,17,-1.8555555555555543,,,1,14,248.9,4170
FINISH_GE4,2026-09-26,06264801,11,24103502,ハクタカ,2026-07-12,16,-2.9305555555555585,6.896551724137931,0.2666666666666667,2,9,134.9,3110
FINISH_GE4,2026-09-06,09264204,5,23102718,レイワノキセキ,2026-08-16,14,-2.134920634920634,76.24750499001996,0.06666666666666665,2,14,267.1,2860
FINISH_GE4,2026-09-22,06264709,10,22105711,ヴァリオーサ,2026-05-24,11,-0.8333333333333333,50.5971769815418,0.09090909090909094,3,16,172.8,2830
FINISH_GE4,2026-09-05,06264107,13,23107061,ヨーゼフ,2026-08-16,10,-0.22916666666665958,56.074766355140184,0.4375,3,10,105.4,2090
FINISH_GE4,2026-09-27,06264907,1,22106212,ウインロゼライト,2026-07-25,10,0.04285714285714448,35.97883597883598,0.375,3,14,96.6,1810
FINISH_GE4,2026-09-19,09264511,2,22105808,トゥロン,2026-08-01,13,-1.8214285714285796,51.99175824175824,0.19999999999999996,2,14,79.6,1640
FINISH_GE4,2026-09-19,09264507,5,23105302,ラッキーシグネチャ,2026-09-06,5,-0.23333333333333428,,0.9333333333333333,3,12,78.6,1490
FINISH_GE4,2026-09-05,06264112,1,22101987,シルバードン,2026-08-23,9,-1.4999999999999978,1.6370439663236669,0.0,2,12,123.6,1390
FINISH_GE4,2026-09-12,06264304,4,23103347,カーヴドヴァン,2026-07-26,8,0.1875000000000071,89.59183673469387,0.2941176470588235,1,16,64.8,1310
FINISH_GE4,2026-09-27,09264911,8,20103517,レッドシュヴェルト,2026-08-22,10,-0.4116071428571441,51.679586563307495,0.2941176470588235,3,14,72.8,1240
FINISH_GE4,2026-09-05,09264110,6,22105475,レディーミコノス,2026-08-22,12,0.03482142857143877,74.34869739478958,0.7647058823529411,2,3,10.7,1230
FINISH_GE4,2026-09-19,09264510,8,20102326,サンライズプルート,2026-07-11,7,-0.3333333333333381,94.07582938388626,0.47058823529411764,3,11,73.0,1170
FINISH_GE4,2026-09-27,06264910,8,22102745,ベネスピラ,2026-08-23,12,-1.3666666666666631,86.70694864048339,0.9230769230769231,3,10,35.6,1120
FINISH_GE4,2026-09-19,09264501,8,24102516,ベルウッドワタル,2026-09-12,7,-2.4960317460317483,,0.1428571428571429,1,7,54.4,1090
FINISH_GE4,2026-09-12,06264308,2,21103504,スノーディーヴァ,2025-09-27,16,-0.7982954545454519,13.69047619047619,0.4666666666666667,3,9,52.8,1090
FINISH_GE4,2026-09-21,09264710,7,21105384,チルカーノ,2026-08-22,12,-1.477564102564095,70.83333333333333,0.23076923076923073,3,14,50.2,1070
FINISH_GE4,2026-09-05,01262503,2,23102999,ペイシャクロス,2026-08-23,4,-0.4294117647058897,,0.7272727272727273,1,9,75.3,1060
FINISH_GE4,2026-09-13,06264406,5,23101825,ヨドノサファイア,2026-08-30,4,0.05294117647059024,,0.7692307692307692,2,10,38.5,1060
FINISH_GE4,2026-09-19,09264511,10,21105736,カルパ,2026-07-19,9,-1.6176470588235294,61.85121107266436,0.4666666666666667,3,10,45.4,1050
FINISH_GE4,2026-09-06,01262611,8,20106234,グランドカリナン,2026-05-16,9,-0.7222222222222143,20.971563981042653,0.0,3,14,39.2,1050
FINISH_GE4,2026-09-26,09264811,9,21105630,ルシュヴァルドール,2026-04-18,15,-2.4166666666666634,21.65117550574084,0.5333333333333333,2,13,24.3,1020
FINISH_GE4,2026-09-06,06264207,13,23103780,サンクレゾン,2026-05-09,6,-0.7222222222222285,47.986577181208055,0.5454545454545454,3,6,25.9,1010
FINISH_GE4,2026-09-12,09264304,5,23110018,ラッキーストーン,2026-07-04,12,-0.8705882352941117,59.28196147110333,0.19999999999999996,1,11,32.4,1010
FINISH_GE4,2026-09-27,06264903,3,24100841,フレンドミラノ,2026-09-05,5,-1.0382352941176392,,0.36363636363636365,3,8,105.1,1000
FINISH_GE4_PERF_TOP20,2026-09-27,06264907,1,22106212,ウインロゼライト,2026-07-25,10,0.04285714285714448,35.97883597883598,0.375,3,14,96.6,1810
FINISH_GE4_PERF_TOP20,2026-09-12,06264304,4,23103347,カーヴドヴァン,2026-07-26,8,0.1875000000000071,89.59183673469387,0.2941176470588235,1,16,64.8,1310
FINISH_GE4_PERF_TOP20,2026-09-05,09264110,6,22105475,レディーミコノス,2026-08-22,12,0.03482142857143877,74.34869739478958,0.7647058823529411,2,3,10.7,1230
FINISH_GE4_PERF_TOP20,2026-09-13,06264406,5,23101825,ヨドノサファイア,2026-08-30,4,0.05294117647059024,,0.7692307692307692,2,10,38.5,1060
FINISH_GE6,2026-09-06,06264207,5,23103668,カテドラルクォーツ,2026-07-04,11,-0.24999999999999764,37.79149519890261,0.5333333333333333,1,17,244.9,8740
FINISH_GE6,2026-09-06,06264207,4,23106314,ジェイエルグリーン,2026-08-08,14,-1.0944444444444414,82.09302325581395,0.8,2,15,155.8,4820
FINISH_GE6,2026-09-19,09264510,12,22104515,ビーアイフォルテ,2026-08-30,17,-1.8555555555555543,,,1,14,248.9,4170
FINISH_GE6,2026-09-26,06264801,11,24103502,ハクタカ,2026-07-12,16,-2.9305555555555585,6.896551724137931,0.2666666666666667,2,9,134.9,3110
FINISH_GE6,2026-09-06,09264204,5,23102718,レイワノキセキ,2026-08-16,14,-2.134920634920634,76.24750499001996,0.06666666666666665,2,14,267.1,2860
FINISH_GE6,2026-09-22,06264709,10,22105711,ヴァリオーサ,2026-05-24,11,-0.8333333333333333,50.5971769815418,0.09090909090909094,3,16,172.8,2830
FINISH_GE6,2026-09-05,06264107,13,23107061,ヨーゼフ,2026-08-16,10,-0.22916666666665958,56.074766355140184,0.4375,3,10,105.4,2090
FINISH_GE6,2026-09-27,06264907,1,22106212,ウインロゼライト,2026-07-25,10,0.04285714285714448,35.97883597883598,0.375,3,14,96.6,1810
FINISH_GE6,2026-09-19,09264511,2,22105808,トゥロン,2026-08-01,13,-1.8214285714285796,51.99175824175824,0.19999999999999996,2,14,79.6,1640
FINISH_GE6,2026-09-05,06264112,1,22101987,シルバードン,2026-08-23,9,-1.4999999999999978,1.6370439663236669,0.0,2,12,123.6,1390
FINISH_GE6,2026-09-12,06264304,4,23103347,カーヴドヴァン,2026-07-26,8,0.1875000000000071,89.59183673469387,0.2941176470588235,1,16,64.8,1310
FINISH_GE6,2026-09-27,09264911,8,20103517,レッドシュヴェルト,2026-08-22,10,-0.4116071428571441,51.679586563307495,0.2941176470588235,3,14,72.8,1240
FINISH_GE6,2026-09-05,09264110,6,22105475,レディーミコノス,2026-08-22,12,0.03482142857143877,74.34869739478958,0.7647058823529411,2,3,10.7,1230
FINISH_GE6,2026-09-19,09264510,8,20102326,サンライズプルート,2026-07-11,7,-0.3333333333333381,94.07582938388626,0.47058823529411764,3,11,73.0,1170
FINISH_GE6,2026-09-27,06264910,8,22102745,ベネスピラ,2026-08-23,12,-1.3666666666666631,86.70694864048339,0.9230769230769231,3,10,35.6,1120
FINISH_GE6,2026-09-12,06264308,2,21103504,スノーディーヴァ,2025-09-27,16,-0.7982954545454519,13.69047619047619,0.4666666666666667,3,9,52.8,1090
FINISH_GE6,2026-09-19,09264501,8,24102516,ベルウッドワタル,2026-09-12,7,-2.4960317460317483,,0.1428571428571429,1,7,54.4,1090
FINISH_GE6,2026-09-21,09264710,7,21105384,チルカーノ,2026-08-22,12,-1.477564102564095,70.83333333333333,0.23076923076923073,3,14,50.2,1070
FINISH_GE6,2026-09-06,01262611,8,20106234,グランドカリナン,2026-05-16,9,-0.7222222222222143,20.971563981042653,0.0,3,14,39.2,1050
FINISH_GE6,2026-09-19,09264511,10,21105736,カルパ,2026-07-19,9,-1.6176470588235294,61.85121107266436,0.4666666666666667,3,10,45.4,1050
FINISH_GE6,2026-09-26,09264811,9,21105630,ルシュヴァルドール,2026-04-18,15,-2.4166666666666634,21.65117550574084,0.5333333333333333,2,13,24.3,1020
FINISH_GE6,2026-09-06,06264207,13,23103780,サンクレゾン,2026-05-09,6,-0.7222222222222285,47.986577181208055,0.5454545454545454,3,6,25.9,1010
FINISH_GE6,2026-09-12,09264304,5,23110018,ラッキーストーン,2026-07-04,12,-0.8705882352941117,59.28196147110333,0.19999999999999996,1,11,32.4,1010
FINISH_GE6_PERF_TOP20,2026-09-27,06264907,1,22106212,ウインロゼライト,2026-07-25,10,0.04285714285714448,35.97883597883598,0.375,3,14,96.6,1810
FINISH_GE6_PERF_TOP20,2026-09-12,06264304,4,23103347,カーヴドヴァン,2026-07-26,8,0.1875000000000071,89.59183673469387,0.2941176470588235,1,16,64.8,1310
FINISH_GE6_PERF_TOP20,2026-09-05,09264110,6,22105475,レディーミコノス,2026-08-22,12,0.03482142857143877,74.34869739478958,0.7647058823529411,2,3,10.7,1230
FRONT_HIGH_PERF_TOP20,2026-09-05,09264110,6,22105475,レディーミコノス,2026-08-22,12,0.03482142857143877,74.34869739478958,0.7647058823529411,2,3,10.7,1230
REAR_HIGH_LAST3F80,2026-09-05,06264112,1,22101987,シルバードン,2026-08-23,9,-1.4999999999999978,1.6370439663236669,0.0,2,12,123.6,1390
REAR_HIGH_LAST3F90,2026-09-05,06264112,1,22101987,シルバードン,2026-08-23,9,-1.4999999999999978,1.6370439663236669,0.0,2,12,123.6,1390
FROZEN_PERF_Q80,2026-09-27,06264907,1,22106212,ウインロゼライト,2026-07-25,10,0.04285714285714448,35.97883597883598,0.375,3,14,96.6,1810
FROZEN_PERF_Q80,2026-09-12,06264304,4,23103347,カーヴドヴァン,2026-07-26,8,0.1875000000000071,89.59183673469387,0.2941176470588235,1,16,64.8,1310
FROZEN_PERF_Q80,2026-09-05,09264110,6,22105475,レディーミコノス,2026-08-22,12,0.03482142857143877,74.34869739478958,0.7647058823529411,2,3,10.7,1230
FROZEN_PERF_Q80,2026-09-13,06264406,5,23101825,ヨドノサファイア,2026-08-30,4,0.05294117647059024,,0.7692307692307692,2,10,38.5,1060
FROZEN_PERF_Q80,2026-09-21,09264711,8,23101200,シートゥサミット,2026-06-20,2,1.2196969696969617,62.64591439688716,0.7333333333333334,3,11,113.7,1060
FROZEN_PERF_Q90,2026-09-12,06264304,4,23103347,カーヴドヴァン,2026-07-26,8,0.1875000000000071,89.59183673469387,0.2941176470588235,1,16,64.8,1310
FROZEN_PERF_Q90,2026-09-21,09264711,8,23101200,シートゥサミット,2026-06-20,2,1.2196969696969617,62.64591439688716,0.7333333333333334,3,11,113.7,1060
FROZEN_FINISH_GE6_Q80,2026-09-27,06264907,1,22106212,ウインロゼライト,2026-07-25,10,0.04285714285714448,35.97883597883598,0.375,3,14,96.6,1810
FROZEN_FINISH_GE6_Q80,2026-09-12,06264304,4,23103347,カーヴドヴァン,2026-07-26,8,0.1875000000000071,89.59183673469387,0.2941176470588235,1,16,64.8,1310
FROZEN_FINISH_GE6_Q80,2026-09-05,09264110,6,22105475,レディーミコノス,2026-08-22,12,0.03482142857143877,74.34869739478958,0.7647058823529411,2,3,10.7,1230
